Strain,Drug,Time,avgOD_24h,avgOD_48h,avgOD_72h,avgOD_72h_Mixed,seOD_24h,seOD_48h,seOD_72h,seOD_72h_Mixed
A02,0.5,0,0.139264286,0.191458333,0.227282143,0.173271429,0.005592705,0.006447288,0.010052392,0.007315164
A03,0.5,0,0.206727778,0.678341667,0.770537963,0.368251852,0.006890352,0.024597604,0.026794511,0.009167218
A04,0.5,0,0.295731579,0.63125614,0.793010526,0.323536842,0.016932435,0.026762737,0.030959158,0.008971997
A08,0.5,0,0.231424561,0.527929825,0.687594737,0.518391228,0.017066517,0.02841134,0.036659192,0.023770444
A10,0.5,0,0.670755556,1.060838889,1.143511111,0.971,0.019841568,0.015773162,0.012303969,0.003109887
A12,0.5,0,0.192161111,0.298247222,0.562436111,0.715527778,0.011354434,0.014354028,0.026963395,0.014411861
A17,0.5,0,0.128698058,0.203219417,0.310724272,0.324092233,0.004193447,0.008779854,0.017018213,0.009741251
A18,0.5,0,0.117435,0.213886667,0.314931667,0.543465,0.007148399,0.013375529,0.021193333,0.009240019